{
  "oof": {
    "pr_auc": 0.04680166605406844,
    "brier": 0.01277217846529703,
    "log_loss": 0.06377458360092698,
    "base_rate": 0.013170336350128327,
    "n": 29612,
    "n_pos": 390,
    "n_groups": 37
  }
}